CookerStat, GenerateAssetRegistry=0.021711, Initialize=0.127114, RunGuid=RunID7E2E720A43AE5BF0DA6991939BD4198D
DDCTransactionIdEBEF4E2C493A49C75BAF5A9B78F6E098_0, PutCachedData=, CacheKey=PhysX_1D9C17C451EA4FB88CB7A27536A65DB0_PhysXPC_CF0E91274097E0F59B6CB1932F6BC36__A25B92ECB0C9676341983344E98B9AC67869856A, StartTime=2016.04.03-15.41.07, HierarchicalDDC=, DataSize=840, Duration=2.955537, RunGuid=RunID7E2E720A43AE5BF0DA6991939BD4198D
SavePackageTransactionId82FE17AD441E584CC0BE8EBB064277E4_0, Filename=../../../../../../Users/Jim/Documents/Unreal Projects/skyblock64/Content/StarterContent/Architecture/Floor_400x400.uasset, AutoPackageBackupDelegate=10.699473, FlushAsyncLoading=0.008684, FlushStreamingFunc=0.071451, BlockTillAllRequestsFinished=0.031583, ResetLoadersForSaveUnMarkAllObjects=0.230536, TagPackageExports=0.034343, BeginCacheForCookedPlatformData=0.001185, SerializeImports=224.141785, GatherLocalizableTextData=0.377782, MarkNames=0.013817, SerializeSummary=0.021316, SerializeNames=0.077765, SerializeGatherableTextData=0.001974, BuildExportMap=0.029214, SortExportsNonSeekfree=0.013418, SortExportsSeekfreeConstructor=0.081323, SortExportsSeekfreeInner=0.690822, SortExportsSeekfree=0.003949, BuildDependencyMap=0.014603, SerializeImportMap=0.009082, SerializeExportMap=0.007104, SerializeDependencyMap=0.001971, SerializeStringAssetReferenceMap=0.002369, SaveThumbNailsAssetRegistryDataWorldLevelInfo=124.436241, SerializeExports=13.732385, SerializeBulkData=0.038289, MoveFile=2.772372, UnaccountedTime=2.325509, RunGuid=RunID7E2E720A43AE5BF0DA6991939BD4198D
DDCTransactionId842EE1E0468909496C0928912692180B_0, BuildTexture=, CacheKey=TEXTURE_814DCC3DC72143F49509781513CB9855_BC5_E101C19143499573FE95F8B00D24D70D_07_0000803F0000803F0000803F000000000000803F00000000000000000000803F00000000000000000200000001000000000000000100000000040000803FFFFFFFFF00000000FF00FF00FFFF8180803B, StartTime=2016.04.03-15.41.08, Duration=410.755280, RunGuid=RunID7E2E720A43AE5BF0DA6991939BD4198D
DDCTransactionIdCDFE428E473ED1E18E3F87ADA7C72180_0, PutCachedData=, CacheKey=TEXTURE_814DCC3DC72143F49509781513CB9855_BC5_E101C19143499573FE95F8B00D24D70D___A3B1D7C268F74A4F2960EBC7257907690600BE69, StartTime=2016.04.03-15.41.09, HierarchicalDDC=, DataSize=4194565, Duration=23.996439, RunGuid=RunID7E2E720A43AE5BF0DA6991939BD4198D
DDCTransactionId2C7CEF694BFC94CEE2C2BB9358AF9518_0, PutCachedData=, CacheKey=TEXTURE_814DCC3DC72143F49509781513CB9855_BC5_E101C19143499573FE95F8B00D24D70D___BB72D3901D3B16BFC9A4E349D9E98FCF0FB68D0C, StartTime=2016.04.03-15.41.09, HierarchicalDDC=, DataSize=1048837, Duration=8.934125, RunGuid=RunID7E2E720A43AE5BF0DA6991939BD4198D
DDCTransactionIdEBEF4E2C493A49C75BAF5A9B78F6E098_1, PutCachedData=, CacheKey=TEXTURE_814DCC3DC72143F49509781513CB9855_BC5_E101C19143499573FE95F8B00D24D70D___E6D6299AA0EA9F4DFDFFCFFE9EFABD85DC7C1DB1, StartTime=2016.04.03-15.41.09, HierarchicalDDC=, DataSize=262403, Duration=7.290359, RunGuid=RunID7E2E720A43AE5BF0DA6991939BD4198D
DDCTransactionIdEBEF4E2C493A49C75BAF5A9B78F6E098_2, PutCachedData=, CacheKey=TEXTURE_814DCC3DC72143F49509781513CB9855_BC5_E101C19143499573FE95F8B00D24D70D___3CE5320B2657F4BB1395A6532CAE66B5C90A3127, StartTime=2016.04.03-15.41.09, HierarchicalDDC=, DataSize=65795, Duration=4.449692, RunGuid=RunID7E2E720A43AE5BF0DA6991939BD4198D
DDCTransactionId2C7CEF694BFC94CEE2C2BB9358AF9518_1, PutCachedData=, CacheKey=TEXTURE_814DCC3DC72143F49509781513CB9855_BC5_E101C19143499573FE95F8B00D24D70D___F8E6FA962276410ADC1E89685BE11FD7D0D125FA, StartTime=2016.04.03-15.41.09, HierarchicalDDC=, DataSize=16643, Duration=4.238497, RunGuid=RunID7E2E720A43AE5BF0DA6991939BD4198D
DDCTransactionId2C7CEF694BFC94CEE2C2BB9358AF9518_2, PutCachedData=, CacheKey=TEXTURE_814DCC3DC72143F49509781513CB9855_BC5_E101C19143499573FE95F8B00D24D70D___67EFA84C6DD43F19667A390C19E1116948186D44, StartTime=2016.04.03-15.41.09, HierarchicalDDC=, DataSize=7468, Duration=6.755464, RunGuid=RunID7E2E720A43AE5BF0DA6991939BD4198D
DDCTransactionId842EE1E0468909496C0928912692180B_1, BuildTexture=, CacheKey=TEXTURE_814DCC3DC72143F49509781513CB9855_DXT1_554540744378681136F94587A55F8171_07_0000803F0000803F0000803F000000000000803F00000000000000000000803F00000000000000000200000001000100000000000101000000040000803FFFFFFFFF00000000FF00FF00FFFF8180803B, StartTime=2016.04.03-15.41.09, Duration=580.684814, RunGuid=RunID7E2E720A43AE5BF0DA6991939BD4198D
DDCTransactionIdEBEF4E2C493A49C75BAF5A9B78F6E098_3, PutCachedData=, CacheKey=TEXTURE_814DCC3DC72143F49509781513CB9855_DXT1_554540744378681136F94587A55F8171__CB5CE6971120217254675AE8D45D0EB88085D9F4, StartTime=2016.04.03-15.41.09, HierarchicalDDC=, DataSize=2097414, Duration=11.894003, RunGuid=RunID7E2E720A43AE5BF0DA6991939BD4198D
DDCTransactionIdCDFE428E473ED1E18E3F87ADA7C72180_1, PutCachedData=, CacheKey=TEXTURE_814DCC3DC72143F49509781513CB9855_DXT1_554540744378681136F94587A55F8171__C945318273AAD639D7587CB511FE79FCD40E743C, StartTime=2016.04.03-15.41.09, HierarchicalDDC=, DataSize=524550, Duration=7.310886, RunGuid=RunID7E2E720A43AE5BF0DA6991939BD4198D
DDCTransactionId2C7CEF694BFC94CEE2C2BB9358AF9518_3, PutCachedData=, CacheKey=TEXTURE_814DCC3DC72143F49509781513CB9855_DXT1_554540744378681136F94587A55F8171__39920D9A36D38CC58F8F5BEEB504D931ACB7828E, StartTime=2016.04.03-15.41.09, HierarchicalDDC=, DataSize=131332, Duration=7.055480, RunGuid=RunID7E2E720A43AE5BF0DA6991939BD4198D
DDCTransactionId2C7CEF694BFC94CEE2C2BB9358AF9518_4, PutCachedData=, CacheKey=TEXTURE_814DCC3DC72143F49509781513CB9855_DXT1_554540744378681136F94587A55F8171__B80AE5B0AEBC496E00C4D50D438CB391104A38DA, StartTime=2016.04.03-15.41.09, HierarchicalDDC=, DataSize=33028, Duration=7.354703, RunGuid=RunID7E2E720A43AE5BF0DA6991939BD4198D
DDCTransactionIdCDFE428E473ED1E18E3F87ADA7C72180_2, PutCachedData=, CacheKey=TEXTURE_814DCC3DC72143F49509781513CB9855_DXT1_554540744378681136F94587A55F8171__64525CA305C3B777F92562730118DB784EC050BE, StartTime=2016.04.03-15.41.09, HierarchicalDDC=, DataSize=8452, Duration=4.885506, RunGuid=RunID7E2E720A43AE5BF0DA6991939BD4198D
DDCTransactionIdEBEF4E2C493A49C75BAF5A9B78F6E098_4, PutCachedData=, CacheKey=TEXTURE_814DCC3DC72143F49509781513CB9855_DXT1_554540744378681136F94587A55F8171__BF26E6E11FF95191708C5B709A2C02FBF51F6E1B, StartTime=2016.04.03-15.41.09, HierarchicalDDC=, DataSize=4731, Duration=2.923962, RunGuid=RunID7E2E720A43AE5BF0DA6991939BD4198D
DDCTransactionId842EE1E0468909496C0928912692180B_2, BuildTexture=, CacheKey=TEXTURE_814DCC3DC72143F49509781513CB9855_BC5_F66DA5E24188B51233E5F9AC049315FC_07_0000803F0000803F0000803F000000000000803F00000000000000000000803F00000000000000000200000001000000000000000100000000040000803FFFFFFFFF00000000FF00FF00FFFF8180803B, StartTime=2016.04.03-15.41.09, Duration=89.977966, RunGuid=RunID7E2E720A43AE5BF0DA6991939BD4198D
DDCTransactionIdCDFE428E473ED1E18E3F87ADA7C72180_3, PutCachedData=, CacheKey=TEXTURE_814DCC3DC72143F49509781513CB9855_BC5_F66DA5E24188B51233E5F9AC049315FC___AD044742DA124E944FD6347DC5AAC6762F124316, StartTime=2016.04.03-15.41.09, HierarchicalDDC=, DataSize=1048837, Duration=24.298429, RunGuid=RunID7E2E720A43AE5BF0DA6991939BD4198D
DDCTransactionIdEBEF4E2C493A49C75BAF5A9B78F6E098_5, PutCachedData=, CacheKey=TEXTURE_814DCC3DC72143F49509781513CB9855_BC5_F66DA5E24188B51233E5F9AC049315FC___84E4128DC09A75F62FE0DD2770256CBCF9348EA6, StartTime=2016.04.03-15.41.09, HierarchicalDDC=, DataSize=262403, Duration=5.377762, RunGuid=RunID7E2E720A43AE5BF0DA6991939BD4198D
DDCTransactionId2C7CEF694BFC94CEE2C2BB9358AF9518_5, PutCachedData=, CacheKey=TEXTURE_814DCC3DC72143F49509781513CB9855_BC5_F66DA5E24188B51233E5F9AC049315FC___7DEE8944918BAE12A07607AD663F2C134FB3CFE1, StartTime=2016.04.03-15.41.09, HierarchicalDDC=, DataSize=65795, Duration=5.472113, RunGuid=RunID7E2E720A43AE5BF0DA6991939BD4198D
DDCTransactionIdEBEF4E2C493A49C75BAF5A9B78F6E098_6, PutCachedData=, CacheKey=TEXTURE_814DCC3DC72143F49509781513CB9855_BC5_F66DA5E24188B51233E5F9AC049315FC___99545BD511D932D6BFFBB6E6E4FB4A60ADACB823, StartTime=2016.04.03-15.41.09, HierarchicalDDC=, DataSize=16643, Duration=14.554661, RunGuid=RunID7E2E720A43AE5BF0DA6991939BD4198D
DDCTransactionId2C7CEF694BFC94CEE2C2BB9358AF9518_6, PutCachedData=, CacheKey=TEXTURE_814DCC3DC72143F49509781513CB9855_BC5_F66DA5E24188B51233E5F9AC049315FC___56EFE377E65C15D84CB97A20A102CE1D4E222074, StartTime=2016.04.03-15.41.09, HierarchicalDDC=, DataSize=7175, Duration=6.042928, RunGuid=RunID7E2E720A43AE5BF0DA6991939BD4198D
DDCTransactionId842EE1E0468909496C0928912692180B_3, BuildTexture=, CacheKey=TEXTURE_814DCC3DC72143F49509781513CB9855_AutoDXT_89FAE76147BE843656BE72BFB765E020_07_0000803F0000803F0000803F000000000000803F00000000000000000000803F00000000000000000200000001000100000000000101000000040000803FFFFFFFFF00000000FF00FF00FFFF8180803B, StartTime=2016.04.03-15.41.09, Duration=675.716431, RunGuid=RunID7E2E720A43AE5BF0DA6991939BD4198D
DDCTransactionId2C7CEF694BFC94CEE2C2BB9358AF9518_7, PutCachedData=, CacheKey=TEXTURE_814DCC3DC72143F49509781513CB9855_AutoDXT_89FAE76147BE843656BE72BFB765E__634C938BCB427A8E8B170FBC4B41592A33D89311, StartTime=2016.04.03-15.41.10, HierarchicalDDC=, DataSize=2097417, Duration=11.188969, RunGuid=RunID7E2E720A43AE5BF0DA6991939BD4198D
DDCTransactionIdEBEF4E2C493A49C75BAF5A9B78F6E098_7, PutCachedData=, CacheKey=TEXTURE_814DCC3DC72143F49509781513CB9855_AutoDXT_89FAE76147BE843656BE72BFB765E__BE6334C1F5BCBA1ACB9CFA53C6BA84551E1B0681, StartTime=2016.04.03-15.41.10, HierarchicalDDC=, DataSize=524553, Duration=68.831665, RunGuid=RunID7E2E720A43AE5BF0DA6991939BD4198D
DDCTransactionIdCDFE428E473ED1E18E3F87ADA7C72180_4, PutCachedData=, CacheKey=TEXTURE_814DCC3DC72143F49509781513CB9855_AutoDXT_89FAE76147BE843656BE72BFB765E__DE2E8231FD0178FF0228B9F2E453E2F72ABCB892, StartTime=2016.04.03-15.41.10, HierarchicalDDC=, DataSize=131335, Duration=8.161191, RunGuid=RunID7E2E720A43AE5BF0DA6991939BD4198D
DDCTransactionIdCDFE428E473ED1E18E3F87ADA7C72180_5, PutCachedData=, CacheKey=TEXTURE_814DCC3DC72143F49509781513CB9855_AutoDXT_89FAE76147BE843656BE72BFB765E__A90D3816ABD79E25A7134CFC39F62376DA428BDE, StartTime=2016.04.03-15.41.10, HierarchicalDDC=, DataSize=33031, Duration=4.195467, RunGuid=RunID7E2E720A43AE5BF0DA6991939BD4198D
DDCTransactionId2C7CEF694BFC94CEE2C2BB9358AF9518_8, PutCachedData=, CacheKey=TEXTURE_814DCC3DC72143F49509781513CB9855_AutoDXT_89FAE76147BE843656BE72BFB765E__947A70DB487245A00AB828E9A0178665B4BD551D, StartTime=2016.04.03-15.41.10, HierarchicalDDC=, DataSize=8455, Duration=3.202263, RunGuid=RunID7E2E720A43AE5BF0DA6991939BD4198D
DDCTransactionId2C7CEF694BFC94CEE2C2BB9358AF9518_9, PutCachedData=, CacheKey=TEXTURE_814DCC3DC72143F49509781513CB9855_AutoDXT_89FAE76147BE843656BE72BFB765E__02E5B6EFBB6B65A66752CA32B308990E92963B70, StartTime=2016.04.03-15.41.10, HierarchicalDDC=, DataSize=4749, Duration=3.387798, RunGuid=RunID7E2E720A43AE5BF0DA6991939BD4198D
DDCTransactionId842EE1E0468909496C0928912692180B_4, BuildTexture=, CacheKey=TEXTURE_814DCC3DC72143F49509781513CB9855_BC5_B5194A964BB93A23D70CB489BFE1F142_07_0000803F0000803F0000803F000000000000803F00000000000000000000803F00000000000000000200000001000000000000000100000000040000803FFFFFFFFF00000000FF00FF00FFFF8180803B, StartTime=2016.04.03-15.41.11, Duration=441.901154, RunGuid=RunID7E2E720A43AE5BF0DA6991939BD4198D
DDCTransactionIdCDFE428E473ED1E18E3F87ADA7C72180_6, PutCachedData=, CacheKey=TEXTURE_814DCC3DC72143F49509781513CB9855_BC5_B5194A964BB93A23D70CB489BFE1F142___FCAA421F7E98B773BFFB3933BCCFA603CF689216, StartTime=2016.04.03-15.41.11, HierarchicalDDC=, DataSize=4194565, Duration=21.720671, RunGuid=RunID7E2E720A43AE5BF0DA6991939BD4198D
DDCTransactionIdEBEF4E2C493A49C75BAF5A9B78F6E098_8, PutCachedData=, CacheKey=TEXTURE_814DCC3DC72143F49509781513CB9855_BC5_B5194A964BB93A23D70CB489BFE1F142___0B70ADF47D80DBCE1CF6C8EA8382897D6C4D6AD2, StartTime=2016.04.03-15.41.11, HierarchicalDDC=, DataSize=1048837, Duration=9.949043, RunGuid=RunID7E2E720A43AE5BF0DA6991939BD4198D
DDCTransactionId2C7CEF694BFC94CEE2C2BB9358AF9518_10, PutCachedData=, CacheKey=TEXTURE_814DCC3DC72143F49509781513CB9855_BC5_B5194A964BB93A23D70CB489BFE1F142___938AC98097F561C6C3C11DA0875DA29BA5A9BD1E, StartTime=2016.04.03-15.41.11, HierarchicalDDC=, DataSize=262403, Duration=11.396218, RunGuid=RunID7E2E720A43AE5BF0DA6991939BD4198D
DDCTransactionIdEBEF4E2C493A49C75BAF5A9B78F6E098_9, PutCachedData=, CacheKey=TEXTURE_814DCC3DC72143F49509781513CB9855_BC5_B5194A964BB93A23D70CB489BFE1F142___817B88891BAB58E743DA2E3DC298C8A8B7793E8D, StartTime=2016.04.03-15.41.11, HierarchicalDDC=, DataSize=65795, Duration=6.011743, RunGuid=RunID7E2E720A43AE5BF0DA6991939BD4198D
DDCTransactionId2C7CEF694BFC94CEE2C2BB9358AF9518_11, PutCachedData=, CacheKey=TEXTURE_814DCC3DC72143F49509781513CB9855_BC5_B5194A964BB93A23D70CB489BFE1F142___BB204CCAD7D3E654E999CDB7DC9E044B12B030E5, StartTime=2016.04.03-15.41.11, HierarchicalDDC=, DataSize=16643, Duration=9.013471, RunGuid=RunID7E2E720A43AE5BF0DA6991939BD4198D
DDCTransactionIdCDFE428E473ED1E18E3F87ADA7C72180_7, PutCachedData=, CacheKey=TEXTURE_814DCC3DC72143F49509781513CB9855_BC5_B5194A964BB93A23D70CB489BFE1F142___839247E8D6EE215250D8B0F117DFFB84DA1CA9F4, StartTime=2016.04.03-15.41.11, HierarchicalDDC=, DataSize=7468, Duration=8.253563, RunGuid=RunID7E2E720A43AE5BF0DA6991939BD4198D
DDCTransactionId842EE1E0468909496C0928912692180B_5, BuildTexture=, CacheKey=TEXTURE_814DCC3DC72143F49509781513CB9855_AutoDXT_5A2DD9584937DEFEBDB4BBB0ACCE061C_07_0000803F0000803F0000803F000000000000803F00000000000000000000803F00000000000000000200000001000100000000000101000000040000803FFFFFFFFF00000000FF00FF00FFFF8180803B, StartTime=2016.04.03-15.41.11, Duration=865.881958, RunGuid=RunID7E2E720A43AE5BF0DA6991939BD4198D
DDCTransactionIdEBEF4E2C493A49C75BAF5A9B78F6E098_10, PutCachedData=, CacheKey=TEXTURE_814DCC3DC72143F49509781513CB9855_AutoDXT_5A2DD9584937DEFEBDB4BBB0ACCE0__EE42B5A919161EF0FF90EA5D8CFE550FE5D637A6, StartTime=2016.04.03-15.41.12, HierarchicalDDC=, DataSize=4194569, Duration=16.318829, RunGuid=RunID7E2E720A43AE5BF0DA6991939BD4198D
DDCTransactionId2C7CEF694BFC94CEE2C2BB9358AF9518_12, PutCachedData=, CacheKey=TEXTURE_814DCC3DC72143F49509781513CB9855_AutoDXT_5A2DD9584937DEFEBDB4BBB0ACCE0__A2BE009ACA1C5442C03D8B8ABC32CF60505EA183, StartTime=2016.04.03-15.41.12, HierarchicalDDC=, DataSize=1048841, Duration=8.213301, RunGuid=RunID7E2E720A43AE5BF0DA6991939BD4198D
DDCTransactionIdCDFE428E473ED1E18E3F87ADA7C72180_8, PutCachedData=, CacheKey=TEXTURE_814DCC3DC72143F49509781513CB9855_AutoDXT_5A2DD9584937DEFEBDB4BBB0ACCE0__AFDAA4EDF3508FE844247F9F6A6518593C51DD8F, StartTime=2016.04.03-15.41.12, HierarchicalDDC=, DataSize=262407, Duration=7.596686, RunGuid=RunID7E2E720A43AE5BF0DA6991939BD4198D
DDCTransactionIdCDFE428E473ED1E18E3F87ADA7C72180_9, PutCachedData=, CacheKey=TEXTURE_814DCC3DC72143F49509781513CB9855_AutoDXT_5A2DD9584937DEFEBDB4BBB0ACCE0__0440F5F531E231BA5E182B594A3A4926AF97A9A5, StartTime=2016.04.03-15.41.12, HierarchicalDDC=, DataSize=65799, Duration=2.893563, RunGuid=RunID7E2E720A43AE5BF0DA6991939BD4198D
DDCTransactionId2C7CEF694BFC94CEE2C2BB9358AF9518_13, PutCachedData=, CacheKey=TEXTURE_814DCC3DC72143F49509781513CB9855_AutoDXT_5A2DD9584937DEFEBDB4BBB0ACCE0__41C5B26E32F936DBF4319FFD256244B12B30BDB4, StartTime=2016.04.03-15.41.12, HierarchicalDDC=, DataSize=16647, Duration=2.781060, RunGuid=RunID7E2E720A43AE5BF0DA6991939BD4198D
DDCTransactionId2C7CEF694BFC94CEE2C2BB9358AF9518_14, PutCachedData=, CacheKey=TEXTURE_814DCC3DC72143F49509781513CB9855_AutoDXT_5A2DD9584937DEFEBDB4BBB0ACCE0__512485ABD31B477EA9ABD067BE0C5421B39E0020, StartTime=2016.04.03-15.41.12, HierarchicalDDC=, DataSize=7493, Duration=4.550751, RunGuid=RunID7E2E720A43AE5BF0DA6991939BD4198D
DDCTransactionId842EE1E0468909496C0928912692180B_6, BuildTexture=, CacheKey=TEXTURE_814DCC3DC72143F49509781513CB9855_AutoDXT_F00C6CAD4C5844ABE7963E9AFE3B1150_07_0000803F0000803F0000803F000000000000803F00000000000000000000803F00000000000000000200000001000100000000000101000000040000803FFFFFFFFF00000000FF00FF00FFFF8180803B, StartTime=2016.04.03-15.41.12, Duration=2236.083984, RunGuid=RunID7E2E720A43AE5BF0DA6991939BD4198D
DDCTransactionIdCDFE428E473ED1E18E3F87ADA7C72180_10, PutCachedData=, CacheKey=TEXTURE_814DCC3DC72143F49509781513CB9855_AutoDXT_F00C6CAD4C5844ABE7963E9AFE3B1__2BDE6832CBF7E319A3EA1B91AD774C2D7DE9CACC, StartTime=2016.04.03-15.41.14, HierarchicalDDC=, DataSize=4194569, Duration=22.960995, RunGuid=RunID7E2E720A43AE5BF0DA6991939BD4198D
DDCTransactionIdEBEF4E2C493A49C75BAF5A9B78F6E098_11, PutCachedData=, CacheKey=TEXTURE_814DCC3DC72143F49509781513CB9855_AutoDXT_F00C6CAD4C5844ABE7963E9AFE3B1__5AE490CA987A22ABBD33EFF964569CF5D7DDC86C, StartTime=2016.04.03-15.41.14, HierarchicalDDC=, DataSize=1048841, Duration=17.574150, RunGuid=RunID7E2E720A43AE5BF0DA6991939BD4198D
DDCTransactionId2C7CEF694BFC94CEE2C2BB9358AF9518_15, PutCachedData=, CacheKey=TEXTURE_814DCC3DC72143F49509781513CB9855_AutoDXT_F00C6CAD4C5844ABE7963E9AFE3B1__C2472FBC4E816DBAF7B275A11A6D80B5F47166B3, StartTime=2016.04.03-15.41.14, HierarchicalDDC=, DataSize=262407, Duration=11.997827, RunGuid=RunID7E2E720A43AE5BF0DA6991939BD4198D
DDCTransactionId2C7CEF694BFC94CEE2C2BB9358AF9518_16, PutCachedData=, CacheKey=TEXTURE_814DCC3DC72143F49509781513CB9855_AutoDXT_F00C6CAD4C5844ABE7963E9AFE3B1__72DE9680BE6414988B85D640F7D2156C327EDA90, StartTime=2016.04.03-15.41.14, HierarchicalDDC=, DataSize=65799, Duration=7.638927, RunGuid=RunID7E2E720A43AE5BF0DA6991939BD4198D
DDCTransactionIdCDFE428E473ED1E18E3F87ADA7C72180_11, PutCachedData=, CacheKey=TEXTURE_814DCC3DC72143F49509781513CB9855_AutoDXT_F00C6CAD4C5844ABE7963E9AFE3B1__6780FBA305946F4962095AB616EA404A583B42D3, StartTime=2016.04.03-15.41.14, HierarchicalDDC=, DataSize=16647, Duration=4.999589, RunGuid=RunID7E2E720A43AE5BF0DA6991939BD4198D
DDCTransactionIdEBEF4E2C493A49C75BAF5A9B78F6E098_12, PutCachedData=, CacheKey=TEXTURE_814DCC3DC72143F49509781513CB9855_AutoDXT_F00C6CAD4C5844ABE7963E9AFE3B1__2854532947EA3734DD3DCEE541F47928504186B8, StartTime=2016.04.03-15.41.14, HierarchicalDDC=, DataSize=7493, Duration=3.750183, RunGuid=RunID7E2E720A43AE5BF0DA6991939BD4198D
DDCTransactionId842EE1E0468909496C0928912692180B_7, BuildTexture=, CacheKey=TEXTURE_814DCC3DC72143F49509781513CB9855_BC5_3336FBEF4A3526C6FE3A369BA3AB0A8C_07_0000803F0000803F0000803F000000000000803F00000000000000000000803F00000000000000000200000001000000000000000100000000040000803FFFFFFFFF00000000FF00FF00FFFF8180803B, StartTime=2016.04.03-15.41.14, Duration=413.066986, RunGuid=RunID7E2E720A43AE5BF0DA6991939BD4198D
DDCTransactionIdCDFE428E473ED1E18E3F87ADA7C72180_12, PutCachedData=, CacheKey=TEXTURE_814DCC3DC72143F49509781513CB9855_BC5_3336FBEF4A3526C6FE3A369BA3AB0A8C___A697CFAE0409D6CF04E82C2206941782443D8D47, StartTime=2016.04.03-15.41.15, HierarchicalDDC=, DataSize=4194565, Duration=23.619452, RunGuid=RunID7E2E720A43AE5BF0DA6991939BD4198D
DDCTransactionId2C7CEF694BFC94CEE2C2BB9358AF9518_17, PutCachedData=, CacheKey=TEXTURE_814DCC3DC72143F49509781513CB9855_BC5_3336FBEF4A3526C6FE3A369BA3AB0A8C___F627F0DF29AD7E7EB523180964776B03AD3C983A, StartTime=2016.04.03-15.41.15, HierarchicalDDC=, DataSize=1048837, Duration=11.249762, RunGuid=RunID7E2E720A43AE5BF0DA6991939BD4198D
DDCTransactionIdEBEF4E2C493A49C75BAF5A9B78F6E098_13, PutCachedData=, CacheKey=TEXTURE_814DCC3DC72143F49509781513CB9855_BC5_3336FBEF4A3526C6FE3A369BA3AB0A8C___C31F051D21C90A74358572AD18162314CB497A6C, StartTime=2016.04.03-15.41.15, HierarchicalDDC=, DataSize=262403, Duration=9.552311, RunGuid=RunID7E2E720A43AE5BF0DA6991939BD4198D
DDCTransactionIdEBEF4E2C493A49C75BAF5A9B78F6E098_14, PutCachedData=, CacheKey=TEXTURE_814DCC3DC72143F49509781513CB9855_BC5_3336FBEF4A3526C6FE3A369BA3AB0A8C___B5F1974D20D44E760919507B1E379D6CA24FED24, StartTime=2016.04.03-15.41.15, HierarchicalDDC=, DataSize=65795, Duration=5.126700, RunGuid=RunID7E2E720A43AE5BF0DA6991939BD4198D
DDCTransactionId2C7CEF694BFC94CEE2C2BB9358AF9518_18, PutCachedData=, CacheKey=TEXTURE_814DCC3DC72143F49509781513CB9855_BC5_3336FBEF4A3526C6FE3A369BA3AB0A8C___F661EBDEBF9F582DE578F9A8E9FA7DBB32106EF5, StartTime=2016.04.03-15.41.15, HierarchicalDDC=, DataSize=16643, Duration=4.456006, RunGuid=RunID7E2E720A43AE5BF0DA6991939BD4198D
DDCTransactionIdCDFE428E473ED1E18E3F87ADA7C72180_13, PutCachedData=, CacheKey=TEXTURE_814DCC3DC72143F49509781513CB9855_BC5_3336FBEF4A3526C6FE3A369BA3AB0A8C___5B5864B36FA96F6A0BC111C00D8F655A6FF197A6, StartTime=2016.04.03-15.41.15, HierarchicalDDC=, DataSize=7468, Duration=2.944484, RunGuid=RunID7E2E720A43AE5BF0DA6991939BD4198D
DDCTransactionId842EE1E0468909496C0928912692180B_8, BuildTexture=, CacheKey=TEXTURE_814DCC3DC72143F49509781513CB9855_AutoDXT_030D71EE4DA78F8E598967A31B41FFCE_07_0000803F0000803F0000803F000000000000803F00000000000000000000803F00000000000000000200000001000100000000000101000000040000803FFFFFFFFF00000000FF00FF00FFFF8180803B, StartTime=2016.04.03-15.41.15, Duration=2326.267090, RunGuid=RunID7E2E720A43AE5BF0DA6991939BD4198D
DDCTransactionIdEBEF4E2C493A49C75BAF5A9B78F6E098_15, PutCachedData=, CacheKey=TEXTURE_814DCC3DC72143F49509781513CB9855_AutoDXT_030D71EE4DA78F8E598967A31B41F__2C852E7868F513FA141150B3FB06AA648276993E, StartTime=2016.04.03-15.41.17, HierarchicalDDC=, DataSize=2097417, Duration=16.895172, RunGuid=RunID7E2E720A43AE5BF0DA6991939BD4198D
DDCTransactionId2C7CEF694BFC94CEE2C2BB9358AF9518_19, PutCachedData=, CacheKey=TEXTURE_814DCC3DC72143F49509781513CB9855_AutoDXT_030D71EE4DA78F8E598967A31B41F__D800AD93E3AB18614C714E5B03245BECD824F064, StartTime=2016.04.03-15.41.17, HierarchicalDDC=, DataSize=524553, Duration=12.771942, RunGuid=RunID7E2E720A43AE5BF0DA6991939BD4198D
DDCTransactionIdCDFE428E473ED1E18E3F87ADA7C72180_14, PutCachedData=, CacheKey=TEXTURE_814DCC3DC72143F49509781513CB9855_AutoDXT_030D71EE4DA78F8E598967A31B41F__4E0C83D22725D73FE7422B1DE106C9852E035BA7, StartTime=2016.04.03-15.41.17, HierarchicalDDC=, DataSize=131335, Duration=10.111682, RunGuid=RunID7E2E720A43AE5BF0DA6991939BD4198D
DDCTransactionIdCDFE428E473ED1E18E3F87ADA7C72180_15, PutCachedData=, CacheKey=TEXTURE_814DCC3DC72143F49509781513CB9855_AutoDXT_030D71EE4DA78F8E598967A31B41F__BF35246E184B2F3BBCFFF4905DBA9688583A2EA1, StartTime=2016.04.03-15.41.17, HierarchicalDDC=, DataSize=33031, Duration=6.148722, RunGuid=RunID7E2E720A43AE5BF0DA6991939BD4198D
DDCTransactionId2C7CEF694BFC94CEE2C2BB9358AF9518_20, PutCachedData=, CacheKey=TEXTURE_814DCC3DC72143F49509781513CB9855_AutoDXT_030D71EE4DA78F8E598967A31B41F__A04A56D0FED9DFF8E036793530EB021E6FA1F176, StartTime=2016.04.03-15.41.17, HierarchicalDDC=, DataSize=8455, Duration=3.722548, RunGuid=RunID7E2E720A43AE5BF0DA6991939BD4198D
DDCTransactionIdEBEF4E2C493A49C75BAF5A9B78F6E098_16, PutCachedData=, CacheKey=TEXTURE_814DCC3DC72143F49509781513CB9855_AutoDXT_030D71EE4DA78F8E598967A31B41F__F938C8C3315CB7D129896CFCC78AD11134C096D8, StartTime=2016.04.03-15.41.17, HierarchicalDDC=, DataSize=4749, Duration=3.969275, RunGuid=RunID7E2E720A43AE5BF0DA6991939BD4198D
DDCTransactionId842EE1E0468909496C0928912692180B_9, BuildTexture=, CacheKey=TEXTURE_814DCC3DC72143F49509781513CB9855_AutoDXT_2EF91F43478B588C1E53949F7C1BB35D_07_0000803F0000803F0000803F000000000000803F00000000000000000000803F00000000000000000200000001000100000000000101000000040000803FFFFFFFFF00000000FF00FF00FFFF8180803B, StartTime=2016.04.03-15.41.18, Duration=2224.097168, RunGuid=RunID7E2E720A43AE5BF0DA6991939BD4198D
DDCTransactionIdCDFE428E473ED1E18E3F87ADA7C72180_16, PutCachedData=, CacheKey=TEXTURE_814DCC3DC72143F49509781513CB9855_AutoDXT_2EF91F43478B588C1E53949F7C1BB__70FB5D92DB76D784A0B4299AA6ECCC64213F6C03, StartTime=2016.04.03-15.41.20, HierarchicalDDC=, DataSize=4194569, Duration=19.505695, RunGuid=RunID7E2E720A43AE5BF0DA6991939BD4198D
DDCTransactionId2C7CEF694BFC94CEE2C2BB9358AF9518_21, PutCachedData=, CacheKey=TEXTURE_814DCC3DC72143F49509781513CB9855_AutoDXT_2EF91F43478B588C1E53949F7C1BB__01B86CD38AC08269D0E73FF50193B527DFFBA9F5, StartTime=2016.04.03-15.41.20, HierarchicalDDC=, DataSize=1048841, Duration=23.668398, RunGuid=RunID7E2E720A43AE5BF0DA6991939BD4198D
DDCTransactionIdEBEF4E2C493A49C75BAF5A9B78F6E098_17, PutCachedData=, CacheKey=TEXTURE_814DCC3DC72143F49509781513CB9855_AutoDXT_2EF91F43478B588C1E53949F7C1BB__EEE4A19474C1B0B9495C9D420BD5C639C0299C0A, StartTime=2016.04.03-15.41.20, HierarchicalDDC=, DataSize=262407, Duration=8.491207, RunGuid=RunID7E2E720A43AE5BF0DA6991939BD4198D
DDCTransactionIdEBEF4E2C493A49C75BAF5A9B78F6E098_18, PutCachedData=, CacheKey=TEXTURE_814DCC3DC72143F49509781513CB9855_AutoDXT_2EF91F43478B588C1E53949F7C1BB__9AD7235D668ACAFBAA9C438A66451C601A68322F, StartTime=2016.04.03-15.41.20, HierarchicalDDC=, DataSize=65799, Duration=9.095970, RunGuid=RunID7E2E720A43AE5BF0DA6991939BD4198D
DDCTransactionId2C7CEF694BFC94CEE2C2BB9358AF9518_22, PutCachedData=, CacheKey=TEXTURE_814DCC3DC72143F49509781513CB9855_AutoDXT_2EF91F43478B588C1E53949F7C1BB__6A2784C6B6C9A65778CC356041D780ED269D852B, StartTime=2016.04.03-15.41.20, HierarchicalDDC=, DataSize=16647, Duration=7.316414, RunGuid=RunID7E2E720A43AE5BF0DA6991939BD4198D
DDCTransactionIdCDFE428E473ED1E18E3F87ADA7C72180_17, PutCachedData=, CacheKey=TEXTURE_814DCC3DC72143F49509781513CB9855_AutoDXT_2EF91F43478B588C1E53949F7C1BB__86C3E9FB4BD88ADA83EC1208C737E5D4661631CE, StartTime=2016.04.03-15.41.20, HierarchicalDDC=, DataSize=7493, Duration=6.537951, RunGuid=RunID7E2E720A43AE5BF0DA6991939BD4198D
DDCTransactionId842EE1E0468909496C0928912692180B_10, BuildTexture=, CacheKey=TEXTURE_814DCC3DC72143F49509781513CB9855_AutoDXT_FC7A1A594001EBE0E467E3A2D692FE23_07_0000803F0000803F0000803F000000000000803F00000000000000000000803F0000000000000000020000000E000000000000000101000000040000803FFFFFFFFF00000000FF00FF00FFFF8180803B, StartTime=2016.04.03-15.41.20, Duration=57.503349, RunGuid=RunID7E2E720A43AE5BF0DA6991939BD4198D
DDCTransactionIdCDFE428E473ED1E18E3F87ADA7C72180_18, PutCachedData=, CacheKey=TEXTURE_814DCC3DC72143F49509781513CB9855_AutoDXT_FC7A1A594001EBE0E467E3A2D692F__F347CAA94BBC0F3A24C8B7FB4F69617A6A85C015, StartTime=2016.04.03-15.41.20, HierarchicalDDC=, DataSize=262407, Duration=5.208414, RunGuid=RunID7E2E720A43AE5BF0DA6991939BD4198D
DDCTransactionId2C7CEF694BFC94CEE2C2BB9358AF9518_23, PutCachedData=, CacheKey=TEXTURE_814DCC3DC72143F49509781513CB9855_AutoDXT_FC7A1A594001EBE0E467E3A2D692F__8615B3B40FE41DAB6E69A5C460CF923101857EFF, StartTime=2016.04.03-15.41.20, HierarchicalDDC=, DataSize=65799, Duration=4.675888, RunGuid=RunID7E2E720A43AE5BF0DA6991939BD4198D
DDCTransactionIdEBEF4E2C493A49C75BAF5A9B78F6E098_19, PutCachedData=, CacheKey=TEXTURE_814DCC3DC72143F49509781513CB9855_AutoDXT_FC7A1A594001EBE0E467E3A2D692F__2987912F2631C0C7F3AC48A4AE6790FACCBFEA14, StartTime=2016.04.03-15.41.20, HierarchicalDDC=, DataSize=16647, Duration=4.587065, RunGuid=RunID7E2E720A43AE5BF0DA6991939BD4198D
DDCTransactionId842EE1E0468909496C0928912692180B_11, BuildTexture=, CacheKey=TEXTURE_814DCC3DC72143F49509781513CB9855_AutoDXT_A03284D8411051A35ED81D99FE3E9BA3_07_0000803F0000803F0000803F000000000000803F00000000000000000000803F0000000000000000020000000E000000000000000101000000040000803FFFFFFFFF00000000FF00FF00FFFF8180803B, StartTime=2016.04.03-15.41.20, Duration=5.035512, RunGuid=RunID7E2E720A43AE5BF0DA6991939BD4198D
DDCTransactionId2C7CEF694BFC94CEE2C2BB9358AF9518_24, PutCachedData=, CacheKey=TEXTURE_814DCC3DC72143F49509781513CB9855_AutoDXT_FC7A1A594001EBE0E467E3A2D692F__883FEF797EAC9E7AF6376007E47FEDCA89C86A97, StartTime=2016.04.03-15.41.20, HierarchicalDDC=, DataSize=6899, Duration=2.619997, RunGuid=RunID7E2E720A43AE5BF0DA6991939BD4198D
DDCTransactionIdEBEF4E2C493A49C75BAF5A9B78F6E098_20, PutCachedData=, CacheKey=TEXTURE_814DCC3DC72143F49509781513CB9855_AutoDXT_A03284D8411051A35ED81D99FE3E9__1A5578C3526F715997B0B7D765646CBDB4E59541, StartTime=2016.04.03-15.41.20, HierarchicalDDC=, DataSize=6014, Duration=2.262347, RunGuid=RunID7E2E720A43AE5BF0DA6991939BD4198D
DDCTransactionId842EE1E0468909496C0928912692180B_12, BuildTexture=, CacheKey=TEXTURE_814DCC3DC72143F49509781513CB9855_DXT1_5C50B816464CCC8B300534A1100D56C6_07_0000803F0000803F0000803F000000000000803F00000000000000000000803F0000000000000000020000000E000000000000000101000000040000803FFFFFFFFF00000000FF00FF00FFFF8180803B, StartTime=2016.04.03-15.41.20, Duration=30.834801, RunGuid=RunID7E2E720A43AE5BF0DA6991939BD4198D
DDCTransactionIdCDFE428E473ED1E18E3F87ADA7C72180_19, PutCachedData=, CacheKey=TEXTURE_814DCC3DC72143F49509781513CB9855_DXT1_5C50B816464CCC8B300534A1100D56C6__EA88B4CE3DE996BB264326F9E7786ACFA165F398, StartTime=2016.04.03-15.41.20, HierarchicalDDC=, DataSize=131332, Duration=3.546096, RunGuid=RunID7E2E720A43AE5BF0DA6991939BD4198D
DDCTransactionId2C7CEF694BFC94CEE2C2BB9358AF9518_25, PutCachedData=, CacheKey=TEXTURE_814DCC3DC72143F49509781513CB9855_DXT1_5C50B816464CCC8B300534A1100D56C6__B1B383481F0D93D0107D147CA5264C548EAC2397, StartTime=2016.04.03-15.41.20, HierarchicalDDC=, DataSize=33028, Duration=3.732420, RunGuid=RunID7E2E720A43AE5BF0DA6991939BD4198D
DDCTransactionIdEBEF4E2C493A49C75BAF5A9B78F6E098_21, PutCachedData=, CacheKey=TEXTURE_814DCC3DC72143F49509781513CB9855_DXT1_5C50B816464CCC8B300534A1100D56C6__40720D9CDA0F726ACC0B78A9D41ABC927F83F6F4, StartTime=2016.04.03-15.41.20, HierarchicalDDC=, DataSize=8452, Duration=3.424115, RunGuid=RunID7E2E720A43AE5BF0DA6991939BD4198D
DDCTransactionId842EE1E0468909496C0928912692180B_13, BuildTexture=, CacheKey=TEXTURE_814DCC3DC72143F49509781513CB9855_DXT1_1F1EFF7146A1BAED4622B390A77C3499_07_0000803F0000803F0000803F000000000000803F00000000000000000000803F0000000000000000020000000E000000000000000101000000040000803FFFFFFFFF00000000FF00FF00FFFF8180803B, StartTime=2016.04.03-15.41.20, Duration=2.882507, RunGuid=RunID7E2E720A43AE5BF0DA6991939BD4198D
DDCTransactionIdEBEF4E2C493A49C75BAF5A9B78F6E098_22, PutCachedData=, CacheKey=TEXTURE_814DCC3DC72143F49509781513CB9855_DXT1_5C50B816464CCC8B300534A1100D56C6__4E02A955DB8991F69699C5B7AA07B77059820748, StartTime=2016.04.03-15.41.20, HierarchicalDDC=, DataSize=4143, Duration=4.011910, RunGuid=RunID7E2E720A43AE5BF0DA6991939BD4198D
DDCTransactionIdCDFE428E473ED1E18E3F87ADA7C72180_20, PutCachedData=, CacheKey=TEXTURE_814DCC3DC72143F49509781513CB9855_DXT1_1F1EFF7146A1BAED4622B390A77C3499__1F0D8E04E9F1D2C7C558630BF3A82ADB21C3D46E, StartTime=2016.04.03-15.41.20, HierarchicalDDC=, DataSize=3267, Duration=3.885586, RunGuid=RunID7E2E720A43AE5BF0DA6991939BD4198D
DDCTransactionId842EE1E0468909496C0928912692180B_14, BuildTexture=, CacheKey=TEXTURE_814DCC3DC72143F49509781513CB9855_BGRA8_FDDC3B534CFE5F90E19662A2879529C6_07_0000803F0000803F0000803F000000000000803F00000000000000000000803F0000000000000000020000000E000000000000000101000000040000803FFFFFFFFF00000000FF00FF00FFFF8180803B, StartTime=2016.04.03-15.41.20, Duration=5.879894, RunGuid=RunID7E2E720A43AE5BF0DA6991939BD4198D
DDCTransactionId2C7CEF694BFC94CEE2C2BB9358AF9518_26, PutCachedData=, CacheKey=TEXTURE_814DCC3DC72143F49509781513CB9855_BGRA8_FDDC3B534CFE5F90E19662A2879529C__F6E00A300FEA9A75282155F0AFB9C622B87FB4F8, StartTime=2016.04.03-15.41.20, HierarchicalDDC=, DataSize=524549, Duration=33.753632, RunGuid=RunID7E2E720A43AE5BF0DA6991939BD4198D
DDCTransactionIdCDFE428E473ED1E18E3F87ADA7C72180_21, PutCachedData=, CacheKey=TEXTURE_814DCC3DC72143F49509781513CB9855_BGRA8_FDDC3B534CFE5F90E19662A2879529C__41C5DEEFD0A8E66D16AD7518BF72FC37894F5D53, StartTime=2016.04.03-15.41.20, HierarchicalDDC=, DataSize=131333, Duration=3.283978, RunGuid=RunID7E2E720A43AE5BF0DA6991939BD4198D
DDCTransactionIdEBEF4E2C493A49C75BAF5A9B78F6E098_23, PutCachedData=, CacheKey=TEXTURE_814DCC3DC72143F49509781513CB9855_BGRA8_FDDC3B534CFE5F90E19662A2879529C__1A35B25235FA446188EDB36FE1A6B9AEBA4FA9E8, StartTime=2016.04.03-15.41.20, HierarchicalDDC=, DataSize=33028, Duration=3.089756, RunGuid=RunID7E2E720A43AE5BF0DA6991939BD4198D
DDCTransactionId842EE1E0468909496C0928912692180B_15, BuildTexture=, CacheKey=TEXTURE_814DCC3DC72143F49509781513CB9855_BGRA8_D8EB37A34B27BD0F8146FB9A1154CD39_07_0000803F0000803F0000803F000000000000803F00000000000000000000803F0000000000000000020000000E000000000000000101000000040000803FFFFFFFFF00000000FF00FF00FFFF8180803B, StartTime=2016.04.03-15.41.20, Duration=0.244748, RunGuid=RunID7E2E720A43AE5BF0DA6991939BD4198D
DDCTransactionIdEBEF4E2C493A49C75BAF5A9B78F6E098_24, PutCachedData=, CacheKey=TEXTURE_814DCC3DC72143F49509781513CB9855_BGRA8_FDDC3B534CFE5F90E19662A2879529C__CA1B460C039D8259BF4770CFA3B66BA4DF71A94C, StartTime=2016.04.03-15.41.20, HierarchicalDDC=, DataSize=12330, Duration=2.329852, RunGuid=RunID7E2E720A43AE5BF0DA6991939BD4198D
DDCTransactionIdCDFE428E473ED1E18E3F87ADA7C72180_22, PutCachedData=, CacheKey=TEXTURE_814DCC3DC72143F49509781513CB9855_BGRA8_D8EB37A34B27BD0F8146FB9A1154CD3__D8D8CEABDA0CE6982ED1C285B0B240DBB0DC8833, StartTime=2016.04.03-15.41.20, HierarchicalDDC=, DataSize=11452, Duration=2.116285, RunGuid=RunID7E2E720A43AE5BF0DA6991939BD4198D
DDCTransactionId842EE1E0468909496C0928912692180B_16, BuildTexture=, CacheKey=TEXTURE_814DCC3DC72143F49509781513CB9855_BGRA8_29477CA14DD9837C5C860B8C2BE4EA4B_07_0000803F0000803F0000803F000000000000803F00000000000000000000803F00000000000000000200000001000100000000000101000000040000803FFFFFFFFF00000000FF00FF00FFFF8180803B, StartTime=2016.04.03-15.41.20, Duration=4.527066, RunGuid=RunID7E2E720A43AE5BF0DA6991939BD4198D
DDCTransactionId2C7CEF694BFC94CEE2C2BB9358AF9518_27, PutCachedData=, CacheKey=TEXTURE_814DCC3DC72143F49509781513CB9855_BGRA8_29477CA14DD9837C5C860B8C2BE4EA4__1A003A17B2538F3080934F06EBD888872B341288, StartTime=2016.04.03-15.41.20, HierarchicalDDC=, DataSize=262405, Duration=4.055332, RunGuid=RunID7E2E720A43AE5BF0DA6991939BD4198D
DDCTransactionIdEBEF4E2C493A49C75BAF5A9B78F6E098_25, PutCachedData=, CacheKey=TEXTURE_814DCC3DC72143F49509781513CB9855_BGRA8_29477CA14DD9837C5C860B8C2BE4EA4__74A3C773475AD2BA10D9552CDA95D0C49EEA9243, StartTime=2016.04.03-15.41.20, HierarchicalDDC=, DataSize=65797, Duration=23.992100, RunGuid=RunID7E2E720A43AE5BF0DA6991939BD4198D
DDCTransactionIdCDFE428E473ED1E18E3F87ADA7C72180_23, PutCachedData=, CacheKey=TEXTURE_814DCC3DC72143F49509781513CB9855_BGRA8_29477CA14DD9837C5C860B8C2BE4EA4__C97E829FF08730946E3B2553F949B26D0F036BC3, StartTime=2016.04.03-15.41.20, HierarchicalDDC=, DataSize=22958, Duration=3.860321, RunGuid=RunID7E2E720A43AE5BF0DA6991939BD4198D
DDCTransactionId842EE1E0468909496C0928912692180B_17, BuildTexture=, CacheKey=TEXTURE_814DCC3DC72143F49509781513CB9855_BGRA8_748D4F054C3030AC8888BEA1993C93A6_07_0000803F0000803F0000803F000000000000803F00000000000000000000803F00000000000000000200000001000000000000000101000000040000803FFFFFFFFF00000000FF00FF00FFFF8180803B, StartTime=2016.04.03-15.41.25, Duration=0.704639, RunGuid=RunID7E2E720A43AE5BF0DA6991939BD4198D
DDCTransactionIdCDFE428E473ED1E18E3F87ADA7C72180_24, PutCachedData=, CacheKey=TEXTURE_814DCC3DC72143F49509781513CB9855_BGRA8_748D4F054C3030AC8888BEA1993C93A__79AB56B57296E31CDFFE8867020509D14A699B71, StartTime=2016.04.03-15.41.25, HierarchicalDDC=, DataSize=16644, Duration=2.800006, RunGuid=RunID7E2E720A43AE5BF0DA6991939BD4198D
DDCTransactionId2C7CEF694BFC94CEE2C2BB9358AF9518_28, PutCachedData=, CacheKey=TEXTURE_814DCC3DC72143F49509781513CB9855_BGRA8_748D4F054C3030AC8888BEA1993C93A__66191627C7E8A6B05447BCF1CE20A881815777A9, StartTime=2016.04.03-15.41.25, HierarchicalDDC=, DataSize=8452, Duration=2.948433, RunGuid=RunID7E2E720A43AE5BF0DA6991939BD4198D
DDCTransactionIdEBEF4E2C493A49C75BAF5A9B78F6E098_26, PutCachedData=, CacheKey=TEXTURE_814DCC3DC72143F49509781513CB9855_BGRA8_748D4F054C3030AC8888BEA1993C93A__3CE5BB905F1CC7D022240CF4A01B36E9E7C46A6B, StartTime=2016.04.03-15.41.25, HierarchicalDDC=, DataSize=4356, Duration=2.914485, RunGuid=RunID7E2E720A43AE5BF0DA6991939BD4198D
DDCTransactionIdCDFE428E473ED1E18E3F87ADA7C72180_25, PutCachedData=, CacheKey=TEXTURE_814DCC3DC72143F49509781513CB9855_BGRA8_748D4F054C3030AC8888BEA1993C93A__7DAF3DF355D8ACA90C304E71CC15E2C8EEEC3DAF, StartTime=2016.04.03-15.41.25, HierarchicalDDC=, DataSize=2307, Duration=3.484514, RunGuid=RunID7E2E720A43AE5BF0DA6991939BD4198D
DDCTransactionIdEBEF4E2C493A49C75BAF5A9B78F6E098_27, PutCachedData=, CacheKey=TEXTURE_814DCC3DC72143F49509781513CB9855_BGRA8_748D4F054C3030AC8888BEA1993C93A__AB11C0D74FF631D42824FDEC2F244CADF6A908B6, StartTime=2016.04.03-15.41.25, HierarchicalDDC=, DataSize=1283, Duration=30.613739, RunGuid=RunID7E2E720A43AE5BF0DA6991939BD4198D
DDCTransactionId2C7CEF694BFC94CEE2C2BB9358AF9518_29, PutCachedData=, CacheKey=TEXTURE_814DCC3DC72143F49509781513CB9855_BGRA8_748D4F054C3030AC8888BEA1993C93A__CED1D83E3FD3B0CB7BD9AA620DC7BDA967EECCBE, StartTime=2016.04.03-15.41.25, HierarchicalDDC=, DataSize=771, Duration=26.652359, RunGuid=RunID7E2E720A43AE5BF0DA6991939BD4198D
DDCTransactionIdCDFE428E473ED1E18E3F87ADA7C72180_26, PutCachedData=, CacheKey=TEXTURE_814DCC3DC72143F49509781513CB9855_BGRA8_748D4F054C3030AC8888BEA1993C93A__A72DE74243C3FF2060D178C8A85568CB313921EB, StartTime=2016.04.03-15.41.25, HierarchicalDDC=, DataSize=2785, Duration=3.195945, RunGuid=RunID7E2E720A43AE5BF0DA6991939BD4198D
SavePackageTransactionId82FE17AD441E584CC0BE8EBB064277E4_1, Filename=../../../../../../Users/Jim/Documents/Unreal Projects/skyblock64/Saved/Autosaves/Game/StarterContent/Maps/Minimal_Default_Auto1.umap, AutoPackageBackupDelegate=5.240783, FlushAsyncLoading=0.018552, FlushStreamingFunc=0.082899, BlockTillAllRequestsFinished=0.006713, ResetLoadersForSaveUnMarkAllObjects=138.189148, TagPackageExports=0.245932, BeginCacheForCookedPlatformData=0.001580, SerializeImports=0.798196, GatherLocalizableTextData=2.352748, MarkNames=0.019737, SerializeSummary=0.011448, SerializeNames=0.142507, SerializeGatherableTextData=0.104215, BuildExportMap=0.080924, SortExportsNonSeekfree=0.052504, SortExportsSeekfreeConstructor=0.050135, SortExportsSeekfreeInner=4.277576, SortExportsSeekfree=0.002764, BuildDependencyMap=0.024080, SerializeImportMap=0.011448, SerializeExportMap=0.009079, SerializeDependencyMap=0.003159, SerializeStringAssetReferenceMap=0.001576, SaveThumbNailsAssetRegistryDataWorldLevelInfo=0.458710, SerializeExports=0.901226, SerializeBulkData=0.272382, MoveFile=2.614472, UnaccountedTime=0.147641, RunGuid=RunID7E2E720A43AE5BF0DA6991939BD4198D
SavePackageTransactionId82FE17AD441E584CC0BE8EBB064277E4_2, Filename=../../../../../../Users/Jim/Documents/Unreal Projects/skyblock64/Content/StarterContent/Maps/Minimal_Default.umap, AutoPackageBackupDelegate=0.679374, FlushAsyncLoading=0.002764, FlushStreamingFunc=0.099875, BlockTillAllRequestsFinished=0.004340, ResetLoadersForSaveUnMarkAllObjects=26.486565, TagPackageExports=0.399493, BeginCacheForCookedPlatformData=0.001974, SerializeImports=1.072157, GatherLocalizableTextData=2.494860, MarkNames=0.040662, SerializeSummary=0.022501, SerializeNames=0.127506, SerializeGatherableTextData=0.126321, BuildExportMap=0.089612, SortExportsNonSeekfree=0.052895, SortExportsSeekfreeConstructor=0.058819, SortExportsSeekfreeInner=4.389294, SortExportsSeekfree=0.002764, BuildDependencyMap=0.026844, SerializeImportMap=0.012238, SerializeExportMap=0.011448, SerializeDependencyMap=0.002764, SerializeStringAssetReferenceMap=0.001576, SaveThumbNailsAssetRegistryDataWorldLevelInfo=0.467788, SerializeExports=0.885043, SerializeBulkData=0.280276, MoveFile=8.017499, UnaccountedTime=1.745611, RunGuid=RunID7E2E720A43AE5BF0DA6991939BD4198D
SavePackageTransactionId82FE17AD441E584CC0BE8EBB064277E4_3, Filename=../../../../../../Users/Jim/Documents/Unreal Projects/skyblock64/Content/NewPaperTileMap.uasset, AutoPackageBackupDelegate=0.106189, FlushAsyncLoading=0.003949, FlushStreamingFunc=0.251461, BlockTillAllRequestsFinished=0.003550, ResetLoadersForSaveUnMarkAllObjects=0.115663, TagPackageExports=0.017367, BeginCacheForCookedPlatformData=0.001185, SerializeImports=0.382520, GatherLocalizableTextData=0.077765, MarkNames=0.004739, SerializeSummary=0.007104, SerializeNames=0.013422, SerializeGatherableTextData=0.002369, BuildExportMap=0.011053, SortExportsNonSeekfree=0.005130, SortExportsSeekfreeConstructor=0.006318, SortExportsSeekfreeInner=0.152770, SortExportsSeekfree=0.001974, BuildDependencyMap=0.005130, SerializeImportMap=0.003949, SerializeExportMap=0.003554, SerializeDependencyMap=0.001185, SerializeStringAssetReferenceMap=0.001185, SaveThumbNailsAssetRegistryDataWorldLevelInfo=0.026446, SerializeExports=0.136588, SerializeBulkData=0.003945, MoveFile=1.998648, UnaccountedTime=0.992022, RunGuid=RunID7E2E720A43AE5BF0DA6991939BD4198D
SavePackageTransactionId82FE17AD441E584CC0BE8EBB064277E4_4, Filename=../../../../../../Users/Jim/Documents/Unreal Projects/skyblock64/Content/NewPaperTileSet.uasset, AutoPackageBackupDelegate=0.085663, FlushAsyncLoading=0.002760, FlushStreamingFunc=0.022106, BlockTillAllRequestsFinished=0.003159, ResetLoadersForSaveUnMarkAllObjects=0.110533, TagPackageExports=0.007499, BeginCacheForCookedPlatformData=0.000790, SerializeImports=0.334755, GatherLocalizableTextData=0.024080, MarkNames=0.003550, SerializeSummary=0.007503, SerializeNames=0.008289, SerializeGatherableTextData=0.000790, BuildExportMap=0.006713, SortExportsNonSeekfree=0.002366, SortExportsSeekfreeConstructor=0.007108, SortExportsSeekfreeInner=0.071451, SortExportsSeekfree=0.001580, BuildDependencyMap=0.003550, SerializeImportMap=0.065926, SerializeExportMap=0.024866, SerializeDependencyMap=0.001185, SerializeStringAssetReferenceMap=0.001185, SaveThumbNailsAssetRegistryDataWorldLevelInfo=2.145499, SerializeExports=0.006709, SerializeBulkData=0.003554, MoveFile=1.913384, UnaccountedTime=1.005840, RunGuid=RunID7E2E720A43AE5BF0DA6991939BD4198D
